ID,Module,Sub-module,Requirement#,Description,Metrics,Test Requirements,Pass Criteria,Priority,Version,PRD Chapter Reference,HLD Reference,LLD Reference
REQ-001,PCIe/NVMe Device Emulation Module,PCIe Configuration Space Emulation,FR-PCIE-001,"Implement standard PCI Type 0 configuration header, Vendor ID configurable, Class Code=0x010802","lspci -v displays device, Class is ""Non-Volatile memory controller""",lspci -v displays device,Class shown as Non-Volatile memory controller,P0,V1.0,5.1.2,,
REQ-002,PCIe/NVMe Device Emulation Module,PCIe Configuration Space Emulation,FR-PCIE-001,"Implement PCIe Capabilities linked list, support PM Cap(0x01), MSI Cap(0x05), MSI-X Cap(0x11), PCIe Cap(0x10)",lspci -vvv shows complete Capabilities linked list,lspci -vvv shows complete Capabilities linked list,All Capabilities displayed correctly,P0,V1.0,5.1.2,,
REQ-003,PCIe/NVMe Device Emulation Module,PCIe Configuration Space Emulation,FR-PCIE-001,"BAR register configuration, BAR0>=16KB, support BAR2/BAR4 for MSI-X",BAR mapped correctly,Linux NVMe driver successfully binds device,Linux NVMe driver successfully binds device,P0,V1.0,5.1.2,,
REQ-004,PCIe/NVMe Device Emulation Module,NVMe Controller Register Emulation,FR-NVME-001,"CAP register configuration, MQES=65535, CQR=0, AMS supports Round Robin+WRR, TO configurable",Read CAP register to verify bit fields,Read CAP register to verify bit fields,All CAP bit fields configured correctly,P0,V1.0,5.1.3,,
REQ-005,PCIe/NVMe Device Emulation Module,NVMe Controller Register Emulation,FR-NVME-001,VS register configuration VS=0x00020000 (NVMe 2.0),Read VS register to verify,Read VS register to verify,VS returns 0x00020000,P0,V1.0,5.1.3,,
REQ-006,PCIe/NVMe Device Emulation Module,NVMe Controller Register Emulation,FR-NVME-001,"Controller initialization, write CC.EN=1 then CSTS.RDY set to 1 within timeout",nvme list command recognizes device,nvme list command recognizes device,Device appears in nvme list output,P0,V1.0,5.1.3,,
REQ-007,PCIe/NVMe Device Emulation Module,NVMe Controller Register Emulation,FR-NVME-001,"Doorbell registers, support up to 64 SQ/CQ pairs, Doorbell Stride=0",Write Doorbell then respond,Write Doorbell then respond,Commands processed correctly,P0,V1.0,5.1.3,,
REQ-008,PCIe/NVMe Device Emulation Module,NVMe Queue Management,FR-NVME-002,"Admin Queue, QID=0, max depth 256, physical address specified by ASQ/ACQ",Send Identify command succeeds,Send Identify command succeeds,Identify returns correct data,P0,V1.0,5.1.4,,
REQ-009,PCIe/NVMe Device Emulation Module,NVMe Queue Management,FR-NVME-002,"I/O Queue dynamic creation, support up to 64 I/O SQ/CQ pairs, queue depth 2~65535 configurable",nvme create-ns/nvme attach-ns execute normally,nvme create-ns/nvme attach-ns execute normally,Commands return success,P0,V1.0,5.1.4,,
REQ-010,PCIe/NVMe Device Emulation Module,NVMe Queue Management,FR-NVME-002,"PRP/SGL support, parse PRP1/PRP2/PRP List, parse SGL Descriptor","Non-aligned IO (512B/4KB/8KB/16KB/128KB/1MB) processed correctly, md5sum verifies write-read consistency",Non-aligned IO processed correctly,md5sum verifies write-read consistency,P0,V1.0,5.1.4,,
REQ-011,PCIe/NVMe Device Emulation Module,NVMe Queue Management,FR-NVME-002,"Completion processing, write 64-byte CQE, update CQ Phase Tag, MSI-X interrupt delivery",Run 64 I/O Queue pairs simultaneously,Run 64 I/O Queue pairs simultaneously,All queues work normally,P0,V1.0,5.1.4,,
REQ-012,PCIe/NVMe Device Emulation Module,MSI-X Interrupt Emulation,FR-NVME-003,"MSI-X Table, up to 64 Table Entries, includes Message Address/Message Data/Vector Control","cat /proc/interrupts|grep nvme shows MSI-X interrupts",cat /proc/interrupts|grep nvme shows MSI-X interrupts,Interrupts displayed normally,P0,V1.0,5.1.5,,
REQ-013,PCIe/NVMe Device Emulation Module,MSI-X Interrupt Emulation,FR-NVME-003,"Interrupt delivery, apic->send_IPI or MMIO write triggers interrupt, interrupt affinity configurable",/proc/irq/<n>/smp_affinity configure interrupt affinity,/proc/irq/<n>/smp_affinity configure interrupt affinity,Configuration takes effect,P0,V1.0,5.1.5,,
REQ-014,PCIe/NVMe Device Emulation Module,MSI-X Interrupt Emulation,FR-NVME-003,"Interrupt coalescing, Set Feature(0x08) configures interrupt coalescing, aggregation threshold/time configurable",nvme set-feature configures interrupt coalescing,nvme set-feature configures interrupt coalescing,Configuration returns success,P0,V1.5,5.1.5,,
REQ-015,PCIe/NVMe Device Emulation Module,NVMe Admin Command Set,FR-NVME-004,"Admin command support: Delete I/O SQ(0x00), Create I/O SQ(0x01), Get Log Page(0x02), Delete I/O CQ(0x04), Create I/O CQ(0x05), Identify(0x06), Abort(0x08), Set Features(0x09), Get Features(0x0A), Async Event Request(0x0C), Namespace Management(0x0D), Firmware Commit(0x10), Firmware Image Download(0x11), Namespace Attachment(0x14), Doorbell Buffer Config(0x7C), Format NVM(0xC0)","nvme id-ctrl returns complete controller identification info, all fields correctly populated",nvme id-ctrl returns complete controller identification info,All fields correctly populated,P0,V1.0,5.1.6,,
REQ-016,PCIe/NVMe Device Emulation Module,NVMe I/O Command Set,FR-NVME-005,"I/O command support: Flush(0x00), Write(0x01), Read(0x02), Write Uncorrectable(0x04), Write Zeroes(0x08), Dataset Management(0x09), Verify(0x0C), Copy(0x0D)",fio read/write test runs normally,fio read/write test runs normally,IOPS/bandwidth meets expectations,P0,V1.0,5.1.7,,
REQ-017,PCIe/NVMe Device Emulation Module,NVMe I/O Command Set,FR-NVME-005,"Read/Write detailed parameters, SLBA 64bit, NLB 0-based max 65535, FUA/LR/DSM/PRINFO support","DD if=/dev/urandom of=/dev/nvme0n1 bs=4M count=100 writes correctly",DD if=/dev/urandom of=/dev/nvme0n1 bs=4M count=100 writes correctly,Write completes successfully,P0,V1.0,5.1.7,,
REQ-018,PCIe/NVMe Device Emulation Module,NVMe I/O Command Set,FR-NVME-005,"Dataset Management (Trim), support up to 256 LBA Ranges, support Deallocate flag","Trim operation releases physical pages, GC efficiency improves after Trim",Trim operation releases physical pages,GC efficiency improves after Trim,P0,V1.5,5.1.7,,
REQ-019,PCIe/NVMe Device Emulation Module,NVMe DMA Data Transfer,FR-NVME-006,"PRP parsing engine, parse PRP1/PRP2/PRP List, assemble scattered physical pages",Various aligned IO processed correctly,Various aligned IO processed correctly,All IO completes successfully,P0,V1.0,5.1.8,,
REQ-020,PCIe/NVMe Device Emulation Module,NVMe DMA Data Transfer,FR-NVME-006,"Data copy path, use memcpy_to_user_page/kmap_atomic/kunmap_atomic, consider NUMA affinity",md5sum verifies data consistency,md5sum verifies data consistency,100% consistent,P0,V1.0,5.1.8,,
REQ-021,PCIe/NVMe Device Emulation Module,NVMe DMA Data Transfer,FR-NVME-006,"IOMMU support, detect IOMMU status, use dma_map_page/dma_unmap_page",Normal operation with IOMMU enabled,Normal operation with IOMMU enabled,Functionality not affected,P0,V2.0,5.1.8,,
REQ-022,Controller Thread Module,Command Receive and Dispatch,FR-CTRL-001,"Kernel-userspace communication, shared memory Ring Buffer, lock-free design (SPSC/MPMC), default 16384 command slots, 128 bytes per slot, mmap exposed to userspace, eventfd notification",Kernel module loads and communication channel established,Kernel module loads and communication channel established,Commands successfully transmitted,P0,V1.0,5.2.2,,
REQ-023,Controller Thread Module,Command Receive and Dispatch,FR-CTRL-001,"Command arbitration policy, WRR arbitration (Urgent:100% preemption, High:Medium:Low=8:4:1), Round Robin alternative, runtime arbitration policy switch, Admin commands prioritized",Different priority commands scheduled by weight,Different priority commands scheduled by weight,Scheduling meets expectations,P0,V1.0,5.2.2,,
REQ-024,Controller Thread Module,Command Receive and Dispatch,FR-CTRL-001,"Command dispatch, dispatch by command type to corresponding firmware CPU core thread pool, maintain command state machine (Pending->In-Flight->Completing->Done), support command dependency tracking, max in-flight commands 4096 configurable",4096 concurrent commands in-flight,4096 concurrent commands in-flight,System runs stably,P0,V1.0,5.2.2,,
REQ-025,Controller Thread Module,Command Receive and Dispatch,FR-CTRL-001,"Command timeout management, each command maintains timeout timer, default 8 seconds configurable, timeout triggers error handling",Timed-out commands correctly return error status,Timed-out commands correctly return error status,Error status returned correctly,P0,V1.5,5.2.2,,
REQ-026,Controller Thread Module,I/O Scheduler,FR-CTRL-002,"Scheduling algorithm, default greedy scheduling (maximize Channel concurrency), optional FIFO/Deadline, write command coalescing (4KB->16KB), read command prefetch",Sequential read prefetch detected and requested,Sequential read prefetch detected and requested,Prefetch improves sequential read performance >=20%,P0,V1.5,5.2.3,,
REQ-027,Controller Thread Module,I/O Scheduler,FR-CTRL-002,"Write buffer management, Write Buffer default 4GB, write to Buffer then return completion (VWC), background thread flushes to NAND, Flush triggers forced flush, backpressure when full","Write Buffer full (>90%) stops accepting new write commands, backpressure effective",Write Buffer full (>90%) stops accepting new write commands,Backpressure effective,P0,V1.0,5.2.3,,
REQ-028,Controller Thread Module,I/O Scheduler,FR-CTRL-002,"Read cache, LRU read cache, default 256MB, cache hit returns directly",Read cache hit rate >=30% (hot data),Read cache hit rate >=30% (hot data),Cache hit rate >=30%,P0,V1.5,5.2.3,,
REQ-029,Controller Thread Module,I/O Scheduler,FR-CTRL-002,"Channel load balancing, real-time statistics of 16 Channel queue depths and busy status, new commands preferentially dispatched to low-load Channels, support command migration",Each Channel load variance <20%,Each Channel load variance <20%,Load variance <20%,P0,V1.5,5.2.3,,
REQ-030,Controller Thread Module,Resource Manager,FR-CTRL-003,"Free block management, maintain Channel/Die/Plane free block linked lists, high watermark (<20%) starts background GC, low watermark (<5%) starts emergency GC, critically low watermark (<2%) blocks new writes",GC auto-starts when free blocks below high watermark,GC auto-starts when free blocks below high watermark,GC triggers normally,P0,V1.0,5.2.4,,
REQ-031,Controller Thread Module,Resource Manager,FR-CTRL-003,"Command slot management, maintain global Command Tracking Table (CTT), CTT slots full triggers backpressure","CTT slots allocated and released on demand, functional",CTT slots allocated and released on demand,Functional,P0,V1.5,5.2.4,,
REQ-032,Controller Thread Module,Flow Control,FR-CTRL-004,"Token bucket rate limiter, per-Namespace and global two-level rate limiting, IOPS 1K-2000K configurable, bandwidth 50MB/s-14GB/s configurable, rate-exceeded commands enter wait queue","Rate limiting configuration effective, traffic conforms to limits",Rate limiting configuration effective,Traffic conforms to limits,P0,V1.5,5.2.5,,
REQ-033,Controller Thread Module,Flow Control,FR-CTRL-004,"Backpressure mechanism, Write Buffer >90% stops fetching new Write commands, adjust Doorbell frequency for soft rate limiting, deliver ASYNC EVENT notification","Write Buffer utilization at 95% write is throttled, backpressure effective",Write Buffer utilization at 95% write is throttled,Backpressure effective,P0,V1.0,5.2.5,,
REQ-034,Controller Thread Module,Flow Control,FR-CTRL-004,"QoS guarantee, Urgent queue starts processing within 1ms, High queue P99 latency <=10ms, latency histogram statistics","Urgent command latency statistics, P99.9<=1ms",Urgent command latency statistics,P99.9<=1ms,P0,V2.0,5.2.5,,
REQ-035,Controller Thread Module,Flow Control,FR-CTRL-004,"GC flow control, GC bandwidth default max 30%, min 5%, pause GC during high-priority IO, GC minimum bandwidth guarantee 5%",GC bandwidth does not exceed 30% of total bandwidth,GC bandwidth does not exceed 30% of total bandwidth,GC bandwidth within limits,P0,V1.5,5.2.5,,
REQ-036,Media Thread Module,NAND Flash Hierarchy,FR-MEDIA-001,"Hierarchy definition: Channel->Chip->Die->Plane->Block->Page, configurable parameters (16 channels, 4 Chips/channel, 2 Dies/Chip, 2 Planes/Die, 4096 Blocks/Plane, 512 Pages/Block, 16KB/page)",Hierarchy created and initialized successfully,Hierarchy created and initialized successfully,All levels accessible correctly,P0,V1.0,5.3.2,,
REQ-037,Media Thread Module,NAND Flash Hierarchy,FR-MEDIA-001,"Total capacity calculation, default configuration ~4TB raw capacity, user-visible ~2.56TB (after 20% OP deduction)",Capacity calculation verified,Capacity calculation verified,Namespace capacity correct,P0,V1.0,5.3.2,,
REQ-038,Media Thread Module,NAND Media Timing Model,FR-MEDIA-002,"Base timing parameters: tR_LSB=35us, tR_CSB=70us, tR_MSB=100us, tPROG_SLC=100us, tPROG_TLC=800us, tERS=3000us","Timing parameters configurable, timing delay error <5% vs nominal",Timing parameters configurable,Timing delay error <5% vs nominal,P0,V1.5,5.3.3,,
REQ-039,Media Thread Module,NAND Media Timing Model,FR-MEDIA-002,"Timing model implementation, maintain Channel/Die/Plane EAT (Earliest Available Time), calculate command execution time, support Multi-Plane/Die Interleaving/Chip Enable concurrency",Timing model calculation verified,Timing model calculation verified,EAT calculation correct,P0,V1.5,5.3.3,,
REQ-040,Media Thread Module,NAND Media Timing Model,FR-MEDIA-002,"Multi-plane concurrency, same Die two Planes execute same operation simultaneously, requires Block/Page offset alignment, EAT=max(plane0_eat, plane1_eat)+tOperation",Multi-Plane operation verified,Multi-Plane operation verified,Latency meets expectations,P0,V1.5,5.3.3,,
REQ-041,Media Thread Module,NAND Media Command Execution Engine,FR-MEDIA-003,"NAND command support: Page Read(0x00/0x30), Cache Read(0x31), Multi-Plane Read(0x32), Page Program(0x80/0x10), Cache Program(0x80/0x15), Multi-Plane Program(0x80/0x11), Block Erase(0x60/0xD0), Multi-Plane Erase(0x60/0xD1), Read Status(0x70), Reset(0xFF), Read ID(0x90), Program Suspend(0xB0), Program Resume(0xD0), Erase Suspend(0xB0)",Command queue receives and executes,Command queue receives and executes,All commands execute successfully,P0,V1.5,5.3.4,,
REQ-042,Media Thread Module,NAND Media Command Execution Engine,FR-MEDIA-003,"Command queue design, each Channel has independent command queue (default 128 entries), logically grouped by Die/Plane, support command suspend/resume",128 commands queued for processing,128 commands queued for processing,Queue management normal,P0,V1.5,5.3.4,,
REQ-043,Media Thread Module,NAND Media Command Execution Engine,FR-MEDIA-003,"Completion notification mechanism, lock-free completion queue, includes Command ID/timestamp/result/actual latency, support batch completion",Commands correctly notified after completion,Commands correctly notified after completion,Notification latency <1ms,P0,V1.5,5.3.4,,
REQ-044,Media Thread Module,NAND Reliability Modeling,FR-MEDIA-004,"P/E cycle degradation model, each Block maintains erase_count, BER=A*log(PE_cycles)+B, exceeding PE_CYCLE_LIMIT marks bad block",Block marked bad after 3000 P/E cycles,Block marked bad after 3000 P/E cycles,Functional,P0,V2.0,5.3.5,,
REQ-045,Media Thread Module,NAND Reliability Modeling,FR-MEDIA-004,"Read disturb model, each Block maintains read_count, threshold 100000 reads/block, exceeding triggers Refresh",Read disturb detection effective,Read disturb detection effective,Refresh triggered,P0,V2.0,5.3.5,,
REQ-046,Media Thread Module,NAND Reliability Modeling,FR-MEDIA-004,"Data retention model, time acceleration ratio default 1000:1, introduce bit errors after simulated time T",Data retention aging test,Data retention aging test,Bit errors correctly introduced,P0,V2.0,5.3.5,,
REQ-047,Media Thread Module,NAND Reliability Modeling,FR-MEDIA-004,"Bad block management, maintain global Bad Block Table (BBT), factory bad blocks 2% randomly marked, runtime bad blocks marked when exceeding P/E or 3 retry failures, 5% spare blocks reserved per Die, BBT stored in NOR Flash",Bad block management verified,Bad block management verified,Spare blocks correctly replace bad blocks,P0,V2.0,5.3.5,,
REQ-048,Media Thread Module,NAND Data Storage Mechanism,FR-MEDIA-005,"DRAM storage layout, reserved DRAM indexed hierarchically by Channel/Chip/Die/Plane/Block/Page, OOB appended after each page, unwritten pages filled with 0xFF",Storage layout verified,Storage layout verified,Data stored correctly,P0,V1.0,5.3.6,,
REQ-049,Media Thread Module,NAND Data Storage Mechanism,FR-MEDIA-005,"Persistence strategy, incremental persistence (after each Block Erase), periodic snapshot (every 10 minutes), graceful shutdown full persistence, dedicated background thread",Persistence verified,Persistence verified,Data fully recovered after restart,P0,V1.5,5.3.6,,
REQ-050,Media Thread Module,NAND Data Storage Mechanism,FR-MEDIA-005,"Recovery mechanism, read persistence file on restart to restore DRAM state, read metadata files (l2p_table.bin, bad_block.bin, erase_count.bin) to restore FTL, CRC check failure logs warning and initializes to 0xFF, --fresh-start skips recovery",Recovery test,Recovery test,State correctly recovered,P0,V1.5,5.3.6,,
REQ-051,Media Thread Module,NOR Flash Media Emulation,FR-MEDIA-006,"NOR Flash specs: default 256MB, sector 64KB, 4096 sectors, read 90ns/byte, page program 100us, sector erase 200ms, PE lifetime 100000 cycles, SPI interface emulation",NOR specs verified,NOR specs verified,Capacity correct,P0,V1.5,5.3.7,,
REQ-052,Media Thread Module,NOR Flash Media Emulation,FR-MEDIA-006,"Storage partitions: Bootloader(4MB), Firmware Slot A(64MB), Firmware Slot B(64MB), Config Area(8MB), BBT(8MB), Log Area(16MB), System Info(4MB)",Partition verified,Partition verified,Partition addresses correct,P0,V1.5,5.3.7,,
REQ-053,Media Thread Module,NOR Flash Media Emulation,FR-MEDIA-006,"Operation commands: READ(0x03), FAST_READ(0x0B), PAGE_PROGRAM(0x02), SECTOR_ERASE(0x20), CHIP_ERASE(0xC7), WRITE_ENABLE(0x06), WRITE_DISABLE(0x04), READ_STATUS_REG(0x05), READ_ID(0x9F)",Command test,Command test,All commands execute normally,P0,V1.5,5.3.7,,
REQ-054,Media Thread Module,NOR Flash Media Emulation,FR-MEDIA-006,"Data persistence, single binary file /var/hfsss/nor/firmware_storage.bin, each write operation synced to file (msync+fsync)",Persistence test,Persistence test,NOR data intact after restart,P0,V1.5,5.3.7,,
REQ-055,Hardware Abstraction Layer,NAND Driver Module,FR-HAL-001,"NAND driver API: nand_init/nand_deinit, nand_read_page_async/nand_write_page_async/nand_erase_block_async, nand_multi_plane_read_async/nand_multi_plane_write_async, nand_read_status/nand_read_id/nand_reset, nand_set_feature/nand_get_feature, nand_program_suspend/nand_program_resume/nand_erase_suspend, nand_get_die_state/nand_get_channel_earliest_available_time, nand_get_geometry/nand_get_timing",API call test,API call test,All APIs work normally,P0,V1.0,5.5.1,,
REQ-056,Hardware Abstraction Layer,NAND Driver Module,FR-HAL-001,"Driver internal implementation, maintain per-Channel command issue queue, send commands to media thread via message queue, maintain Die state machine (IDLE->CMD_RECEIVED->EXECUTING->COMPLETE), calculate simulated ONFI command sequences, track channel bus occupancy time",Driver implementation verified,Driver implementation verified,State machine transitions correct,P0,V1.0,5.5.1,,
REQ-057,Hardware Abstraction Layer,NOR Driver Module,FR-HAL-002,"NOR driver API: nor_init, nor_read, nor_write, nor_sector_erase, nor_chip_erase, nor_write_enable, nor_write_disable, nor_read_status, nor_wait_ready, nor_read_id, nor_partition_read, nor_partition_write, nor_partition_erase",API call test,API call test,All APIs work normally,P0,V1.5,5.5.2,,
REQ-058,Hardware Abstraction Layer,NOR Driver Module,FR-HAL-002,"Driver internal implementation, NOR emulated as process shared memory byte array, read with direct memory access + delay injection (90ns*len), write checks write-enable + can only write 0 not 1, erase sets 0xFF + 200ms delay, write protection detection, persistence synced after each write/erase",Driver implementation verified,Driver implementation verified,Delay injection correct,P0,V1.5,5.5.2,,
REQ-059,Hardware Abstraction Layer,NVMe/PCIe Module Management,FR-HAL-003,"Command completion submission, receive Application Layer command completion notification, build 64-byte CQE (DW0/DW1/DW2/DW3), call kernel module write_cqe_and_notify, kernel writes CQE to physical memory + delivers MSI-X interrupt",Command completion test,Command completion test,CQE correctly written + interrupt triggered,P0,V1.0,5.5.3,,
REQ-060,Hardware Abstraction Layer,NVMe/PCIe Module Management,FR-HAL-003,"Async event management, maintain pending async event queue, Async Event Request command returns immediately or suspends, support Error Status/Smart/Health Status Change/Notice/NVM Command Set Specific events",Async event test,Async event test,Events correctly notified,P0,V2.0,5.5.3,,
REQ-061,Hardware Abstraction Layer,NVMe/PCIe Module Management,FR-HAL-003,"PCIe link state management, monitor PCIe link state (Active/L0/L1/L2), implement ASPM software configuration, respond to PCIe hot reset/FLR to execute controller reset",PCIe reset test,PCIe reset test,Reset procedure executes normally,P0,V2.0,5.5.3,,
REQ-062,Hardware Abstraction Layer,NVMe/PCIe Module Management,FR-HAL-003,"Namespace management interface, maintain Namespace list (up to 4096), Namespace create/delete allocates/releases NAND space, update mapping tables, Namespace attributes (NSID/NSZE/NCAP/NUSE/feature flags)",Namespace management test,Namespace management test,Create and delete work normally,P0,V1.5,5.5.3,,
REQ-063,Hardware Abstraction Layer,Power Management IC Driver,FR-HAL-004,"NVMe power state emulation: PS0(Active 25W), PS1(Active reduced 18W), PS2(Idle 8W, 5ms enter/exit), PS3(Low Power 3W, 50ms/30ms), PS4(Deep Sleep 0.5W, 500ms/100ms)",Power state switch test,Power state switch test,Power consumption states transition correctly,P0,V2.0,5.5.4,,
REQ-064,Hardware Abstraction Layer,Power Management IC Driver,FR-HAL-004,"Functional requirements: maintain current power state, respond to Set Feature (Power Management), record cumulative time per power state, automatic power state transition, simulate delay when exiting low power state, power consumption statistics interface",Power consumption statistics test,Power consumption statistics test,Statistics data correct,P0,V2.0,5.5.4,,
REQ-065,Common Platform Layer,Real-Time OS Emulation,FR-CS-001,"RTOS primitive implementation: Task simulated with pthread, support 1~32 priority levels, task states (Ready/Running/Blocked/Suspended), time slice default 1ms, task stack default 16KB, task_create/task_delete/task_suspend/task_resume API",Task creation test,Task creation test,Tasks run normally,P0,V1.5,5.6.1,,
REQ-066,Common Platform Layer,Real-Time OS Emulation,FR-CS-001,"Message queue: fixed-size/variable-length messages, blocking/non-blocking send/receive, timeout parameter, queue depth default 64, thread-safe implementation",Message queue test,Message queue test,Messages transmitted correctly,P0,V1.5,5.6.1,,
REQ-067,Common Platform Layer,Real-Time OS Emulation,FR-CS-001,"Semaphore/Mutex/Event group: binary/counting semaphore, sem_binary_create/sem_take/sem_give, sem_counting_create, timeout support, priority inheritance to prevent priority inversion, recursive mutex, 32-bit event flags event_set/event_clear/event_wait",Semaphore test,Semaphore test,Synchronization works normally,P0,V1.5,5.6.1,,
REQ-068,Common Platform Layer,Real-Time OS Emulation,FR-CS-001,"Software timer/Memory pool: high-resolution clock based (CLOCK_MONOTONIC), one-shot/periodic trigger, precision 100us, timer callback executes in Timer task, fixed-size block memory pool (32B/64B/128B/256B/512B/1KB/4KB), pool_alloc/pool_free",Timer test,Timer test,Timers trigger correctly,P0,V2.0,5.6.1,,
REQ-069,Common Platform Layer,Task Scheduling,FR-CS-002,"Static task binding: critical tasks bound to dedicated CPU cores, FTL->Core 0-3, GC/WL->Core 4-5, HAL NAND Driver->Core 6-21, NVMe Interface->Core 22-23, Common Service->Core 24-25, implemented via pthread_setaffinity_np",CPU binding test,CPU binding test,Tasks run on designated cores,P0,V1.5,5.6.2,,
REQ-070,Common Platform Layer,Task Scheduling,FR-CS-002,"Priority scheduling/Load balancing: priority-based preemptive scheduling, SCHED_FIFO real-time policy, high priority tasks can preempt low priority, FTL task dynamic assignment, monitor each firmware core CPU usage (>85% triggers load balancing), scheduling statistics (runtime/wait time/preemption count)",Scheduling test,Scheduling test,High priority tasks execute first,P0,V2.0,5.6.2,,
REQ-071,Common Platform Layer,Memory Management,FR-CS-003,"Memory partition planning: firmware working memory total 4GB, FTL mapping table 2GB, command buffer 512MB, Write Buffer 1GB, system heap 256MB, kernel code/data 128MB, reserved/protected 128MB",Memory partition verification,Memory partition verification,Partition sizes correct,P0,V1.0,5.6.3,,
REQ-072,Common Platform Layer,Memory Management,FR-CS-003,"Memory management strategy: large data structures statically pre-allocated at startup, mmap(MAP_ANONYMOUS|MAP_POPULATE)+mlock, small objects use dedicated memory pool, avoid malloc/free on critical path, mprotect access protection for critical data regions, Guard Page for stack overflow detection, monitor available memory below threshold triggers pressure alert",Memory management test,Memory management test,Memory allocation normal,P0,V1.0,5.6.3,,
REQ-073,Common Platform Layer,Bootloader,FR-CS-004,"Boot sequence: Phase 0 Power-on reset, Phase 1 Bootloader execution, Phase 2 Firmware image loading, Phase 3 Hardware initialization, Phase 4 FTL initialization, Phase 5 System ready",Boot sequence test,Boot sequence test,3-8 second boot delay configurable,P0,V1.5,5.6.4,,
REQ-074,Common Platform Layer,Bootloader,FR-CS-004,"Bootloader features: boot time simulation 3-8 seconds, dual-image redundancy Slot A/B switching, secure boot SHA-256 verification, boot log written to NOR Log partition",Bootloader features test,Bootloader features test,Image switching normal,P0,V2.0,5.6.4,,
REQ-075,Common Platform Layer,Power On/Off Service,FR-CS-005,"Power-on service: detect last power-off type (normal/abnormal/power-cut), normal shutdown restores from persistence, abnormal shutdown checks Write Buffer log replay or discard, POST self-test, SMART records power-on count",Power-on test,Power-on test,State correctly recovered,P0,V1.5,5.6.5,,
REQ-076,Common Platform Layer,Power On/Off Service,FR-CS-005,"Power-off service: normal shutdown (NVMe Shutdown) stops new IO, waits for in-flight IO completion, flushes Write Buffer, updates L2P/BBT/PE counts, writes integrity flag, sets CSTS.SHST=0x02; abnormal shutdown atexit/signal handler catches SIGTERM, performs best-effort rapid persistence, maintains WAL, SMART records unsafe shutdown count",Power-off test,Power-off test,Data fully saved on normal shutdown,P0,V1.5,5.6.5,,
REQ-077,Common Platform Layer,Out-of-Band Management,FR-CS-006,"Interface form: Unix Domain Socket (/var/run/hfsss.sock) JSON-RPC, /proc filesystem interface (/proc/hfsss/), REST API (optional V2.0 localhost:8080)",OOB interface test,OOB interface test,Interface responds normally,P0,V2.0,5.6.6,,
REQ-078,Common Platform Layer,Out-of-Band Management,FR-CS-006,"OOB management functions: status query GET /status, SMART query GET /smart, performance statistics GET /perf, parameter modification POST /config, fault injection POST /fault, force GC POST /gc/trigger, snapshot save POST /snapshot, log export GET /log, channel statistics GET /channel/{id}, Die status GET /die/{ch}/{chip}/{die}",OOB function test,OOB function test,All functions work normally,P0,V2.0,5.6.6,,
REQ-079,Common Platform Layer,Out-of-Band Management,FR-CS-006,"SMART information implementation: Log Page ID=0x02, Critical Warning(0), Temperature(1-2), Available Spare(3), Available Spare Threshold(4), Percentage Used(5), Data Units Read(32-47), Data Units Written(48-63), Host Read Commands(64-79), Host Write Commands(80-95), Controller Busy Time(96-111), Power Cycles(112-127), Power On Hours(128-143), Unsafe Shutdowns(144-159), Media and Data Integrity Errors(160-175)",SMART test,SMART test,All fields correct,P0,V2.0,5.6.6,,
REQ-080,Common Platform Layer,Inter-Core Communication,FR-CS-007,"Communication mechanism: message passing (per core pair SPSC Ring Buffer), message format (type 4B + length 4B + max 256B), ipc_send/ipc_recv API, eventfd notification; shared memory (large data pass pointers), reference counting, access protection (RWLock/seqlock); inter-core signals (ipc_signal simulates SGI); inter-core spinlock (GCC atomics, timeout-based deadlock detection)",Inter-core communication test,Inter-core communication test,Messages transmitted correctly,P0,V2.0,5.6.7,,
REQ-081,Common Platform Layer,System Stability Monitoring,FR-CS-008,"Watchdog: each task feeds watchdog every 500ms (watchdog_feed), Watchdog periodically checks all task feed status, timeout without feeding treated as hung triggering system Panic, Watchdog timeout configurable per task type",Watchdog test,Watchdog test,Timeout triggers Panic,P0,V2.0,5.6.8,,
REQ-082,Common Platform Layer,System Stability Monitoring,FR-CS-008,"System resource monitoring: CPU usage per-second statistics for each firmware core thread, memory usage monitoring per memory partition, NAND channel queue depth monitoring, free block watermark monitoring per Die",Resource monitoring test,Resource monitoring test,Statistics data correct,P0,V2.0,5.6.8,,
REQ-083,Common Platform Layer,System Stability Monitoring,FR-CS-008,"Performance anomaly detection/Temperature emulation: command latency P50/P90/P99/P99.9 real-time calculation, P99.9 exceeding threshold logs alert and ASYNC EVENT notification, GC efficiency monitoring, T=T_ambient+IOPS*COEFF_I+BW*COEFF_B temperature estimation, temperature >70C sets SMART Critical Warning, temperature >75C throttles (IOPS limit 50%)",Anomaly detection test,Anomaly detection test,Alerts triggered correctly,P0,V2.0,5.6.8,,
REQ-084,Common Platform Layer,Panic/Assert Handling,FR-CS-009,"Assert mechanism: ASSERT(condition, msg) macro, false condition triggers assertion failure, prints filename/line number/condition/error message, logs to log, performs scene preservation, calls Panic procedure",Assert test,Assert test,Assertion triggers correctly,P0,V2.0,5.6.9,,
REQ-085,Common Platform Layer,Panic/Assert Handling,FR-CS-009,"Panic procedure: set global Panic flag (atomic operation), stop accepting new NVMe commands, save all firmware core runtime state (register snapshot/stack backtrace), write critical state (L2P table summary/error context) to Panic Dump (/var/hfsss/panic_dump_<timestamp>.bin), deliver Controller Fatal Status to host (CSTS.CFS=1), perform best-effort data persistence, record Panic reason to NOR Log, exit daemon, configure ulimit -c unlimited to generate coredump",Panic test,Panic test,Panic procedure executes normally,P0,V2.0,5.6.9,,
REQ-086,Common Platform Layer,System Debug Mechanism,FR-CS-010,"Debug functions: Command Trace with full trace enabled (records each command receive/process/complete time/operation sequence), Trace ring buffer default keeps last 100000 entries, export JSON Lines format, dynamically controlled via OOB interface; NAND operation Trace records each NAND command detail, filterable by Channel; FTL operation Trace records L2P lookup/GC trigger/WL migration, output compatible with FlashSim/MQSim; daemon supports GDB attach, provides Python GDB scripts for key data structures, supports GDB breakpoints; fine-grained performance counters by command type/LBA range/Channel for IOPS/bandwidth/latency stats, exported via /proc/hfsss/perf_counters or OOB, supports counter Reset",Debug function test,Debug function test,Trace records normally,P0,V2.0,5.6.10,,
REQ-087,Common Platform Layer,System Event Log Mechanism,FR-CS-011,"Event levels: FATAL(0), ERROR(1), WARN(2), INFO(3), DEBUG(4), TRACE(5)",Log level test,Log level test,All levels output normally,P0,V1.5,5.6.11,,
REQ-088,Common Platform Layer,System Event Log Mechanism,FR-CS-011,"Log storage: memory Ring Buffer default 64MB, WARN and above written to NOR Log partition, DEBUG and above written to /var/log/hfsss/hfsss.log, supports logrotate, WARN and above synced to Linux syslog (journald); Log entry format: [timestamp us][level][module name][Core ID] message content {structured fields JSON}",Log storage test,Log storage test,Logs correctly persisted,P0,V1.5,5.6.11,,
REQ-089,Algorithm Task Layer,Address Mapping Management,FR-APP-001,"Address mapping architecture: default page-level mapping (Page-Level Mapping, 4KB/entry), PPN 64bit encoding ([63:48]Reserved, [47:40]Channel ID, [39:36]Chip ID, [35:34]Die ID, [33:32]Plane ID, [31:19]Block ID, [18:10]Page ID, [9:0]Offset)",Address mapping test,Address mapping test,PPN encoding/decoding correct,P0,V1.0,5.7.1,,
REQ-090,Algorithm Task Layer,Address Mapping Management,FR-APP-001,"Mapping table design: full L2P mapping table stored in DRAM, 2TB SSD (512M pages) each mapping 4 bytes total 2GB, mmap(MAP_ANONYMOUS|MAP_HUGETLB) allocates 2MB huge pages, invalid LPN maps to 0xFFFFFFFF (INVALID_PPN); reverse mapping table (P2L) info stored in per-page OOB area (LPN + write timestamp); in-memory sparse P2L cache (GC candidate Blocks only); L2P mapping table Checkpoint persistence (full write to file every 1GB of writes), incremental persistence (write incremental log WAL after each GC completion), load latest Checkpoint on power-up and replay WAL to recover complete mapping table",Mapping table test,Mapping table test,Mapping table correctly recovered,P0,V1.0,5.7.1,,
REQ-091,Algorithm Task Layer,Address Mapping Management,FR-APP-001,"Over-provisioning: reserve 20% NAND space as OP area (not mapped to any LBA, dedicated to GC), OP_Blocks=Total_Blocks*0.20, user can adjust OP ratio (7%-50%) via Format NVM, higher OP improves GC efficiency and lowers WAF",OP configuration test,OP configuration test,WAF meets expectations,P0,V1.5,5.7.1,,
REQ-092,Algorithm Task Layer,Address Mapping Management,FR-APP-001,"Write operation flow: Data DMA from host memory to Write Buffer, for each 4KB logical page lookup old PPN, if valid mark old PPN as Invalid (increment that Block's invalid page count), allocate new free physical page (from Current Write Block), update L2P[LPN]=new_ppn, write Data to corresponding NAND media (async), write LPN in OOB area, when Current Write Block is full close and add to Full Block list, open new Write Block, return NVMe command completion",Write operation test,Write operation test,Write flow executes normally,P0,V1.0,5.7.1,,
REQ-093,Algorithm Task Layer,Address Mapping Management,FR-APP-001,"Read operation flow: for each 4KB logical page query L2P table ppn=L2P[LPN], if ppn==INVALID_PPN return all-zero data or Error, parse ppn to physical address (ch/chip/die/plane/block/page), async read via HAL NAND driver, ECC check on read completion (correct if correctable, report Error if uncorrectable), Data DMA to host memory, return NVMe command completion",Read operation test,Read operation test,Read-back data correct,P0,V1.0,5.7.1,,
REQ-094,Algorithm Task Layer,Address Mapping Management,FR-APP-001,"Striping strategy: consecutive logical pages assigned Round-Robin to different Channel Write Blocks, stripe size default 1 NAND page (16KB), alignment optimization 1MB write each 16KB to one Channel (16 Channels perfectly aligned), intra-Channel further cross-Plane striping enables Multi-Plane Program",Striping test,Striping test,Channel concurrency maximized,P0,V1.5,5.7.1,,
REQ-095,Algorithm Task Layer,NAND Block Address Organization,FR-APP-002,"Block state machine: FREE->[allocated as Write Block]->OPEN->[full]->FULL->[selected for GC]->VICTIM->ERASING->[GC reclaimed and erased]->FREE; Block metadata (erase_count, valid_page_count, invalid_page_count, free_page_count, last_erase_time, first_write_time, read_count, state)",State machine test,State machine test,State transitions correct,P0,V1.0,5.7.2,,
REQ-096,Algorithm Task Layer,NAND Block Address Organization,FR-APP-002,"Current Write Block management: each Die/Plane maintains one Current Write Block, new writes sequentially written, full block closed and new CWB opened, multi-Plane mode simultaneously maintains two Plane CWBs on same Die (same Block offset), supports Multi-Plane Program, Plane-level CWB ensures Block/Page alignment constraints for each multi-plane write",CWB test,CWB test,Write operations allocated normally,P0,V1.0,5.7.2,,
REQ-097,Algorithm Task Layer,NAND Block Address Organization,FR-APP-002,"Free block pool management: global free block pool organized hierarchically by Channel/Die/Plane as free block linked lists, allocation strategy prioritizes least-worn blocks (lowest erase_count), block shortage protection triggers emergency GC when any Die free block count < LOW_WATERMARK (default 5 blocks) and pauses new write allocation",Free block pool test,Free block pool test,Allocation strategy correct,P0,V1.0,5.7.2,,
REQ-098,Algorithm Task Layer,Garbage Collection,FR-APP-003,"GC trigger strategy: high watermark (global free block ratio <20%) starts background GC (low priority, no impact on foreground IO), low watermark (global free block ratio <5%) starts emergency GC (high priority, throttles foreground writes), critically low watermark (global free block ratio <2%) stops all write commands and focuses on GC reclamation, Per-Die GC each Die independently maintains watermarks allowing local GC",GC trigger test,GC trigger test,GC auto-triggers,P0,V1.0,5.7.3,,
REQ-099,Algorithm Task Layer,Garbage Collection,FR-APP-003,"Victim Block selection algorithm: Greedy algorithm (default) selects Block with fewest valid pages as Victim, maximizes free pages reclaimed per GC cycle, minimizes valid page migration, maintains sorted set (min-heap) by valid_page_count per Die, time complexity O(log n); Cost-Benefit algorithm considers block utilization and age (time since last erase), Cost-Benefit=(1-utilization)/(2*utilization)*age, prefers high Cost-Benefit Blocks (high invalidity + old data), helps reduce cold data interference with hot data regions; FIFO algorithm selects oldest Full Block by close time; Hot-Cold separation classifies written data by frequency into Hot (frequently updated) and Cold (infrequently updated), Hot data written to dedicated Hot Blocks, Cold data to Cold Blocks, GC preferentially reclaims Hot area Blocks (low valid ratio), Cold area GC triggers infrequently reducing cold data migration",Victim selection test,Victim selection test,Victim Block selection correct,P0,V1.5,5.7.3,,
REQ-100,Algorithm Task Layer,Garbage Collection,FR-APP-003,"GC execution flow: select Victim Block, scan all pages in Victim Block, for each page read OOB-stored LPN, query L2P[page_lpn] to verify if current PPN matches (page still valid), if valid (L2P[page_lpn]==current_ppn) read out page data, allocate new free page, write data to new page, update L2P[page_lpn]=new_ppn, increment old_ppn Block's invalid_page_count; if invalid skip; after all valid pages migrated erase Victim Block, update Block metadata (erase_count++, state=FREE), add erased Block to free block pool",GC execution test,GC execution test,GC successfully reclaims free blocks,P0,V1.0,5.7.3,,
REQ-101,Algorithm Task Layer,Garbage Collection,FR-APP-003,"GC concurrency optimization/Write amplification analysis: multi-Die parallel GC can run simultaneously on multiple Dies without interference; Pipeline GC reads Victim Block valid pages (Read Phase) and writes to new Block (Write Phase) can pipeline across different Dies; GC pause and resume when high-priority IO arrives suspend current NAND Program (Program Suspend) to prioritize IO then resume GC (Program Resume); WAF=NAND_Writes/Host_Writes, ideal WAF~=1/(1-utilization_of_data), target WAF<=3 at 90% drive occupancy steady state (TLC NAND, Greedy GC, 20% OP); real-time WAF statistics exported via OOB; reduce WAF through hot-cold separation, larger OP ratio, optimized GC strategy",GC concurrency test,GC concurrency test,GC concurrency executes correctly,P0,V1.5,5.7.3,,
REQ-102,Algorithm Task Layer,Wear Leveling,FR-APP-004,"Dynamic wear leveling: during GC, prefer writing data to free Blocks with lower P/E cycle count (consider erase_count during free block allocation), implementation maintains min-heap of free blocks sorted by erase_count, allocation always picks block with lowest erase_count, effect: Blocks frequently reclaimed by GC in hot data regions gradually replaced by younger blocks",Dynamic WL test,Dynamic WL test,Wear gradually balanced,P0,V1.5,5.7.4,,
REQ-103,Algorithm Task Layer,Wear Leveling,FR-APP-004,"Static wear leveling: periodically check global Block erase_count distribution (using erase_count histogram), when some Blocks' erase_count significantly below average (default threshold: below 50% of average) trigger static WL; Static WL flow: select cold data Block with lowest erase_count (victim_cold_block), select hot area free Block with highest erase_count (donor_hot_block from frequently erased GC-reclaimed blocks), migrate cold data from victim_cold_block to donor_hot_block, erase victim_cold_block and allocate as new free block for hot data region use; through this swap low-PE blocks rotate to hot data area, high-PE blocks used for cold data; trigger frequency: default once every 100 dynamic GC cycles (configurable)",Static WL test,Static WL test,Static WL triggers correctly,P0,V2.0,5.7.4,,
REQ-104,Algorithm Task Layer,Wear Leveling,FR-APP-004,"Wear monitoring and alerting: real-time statistics of whole-SSD average P/E cycle count and max P/E cycle count, when max P/E count approaches NAND lifetime limit (>80% of PE_CYCLE_LIMIT) set SMART Available Spare low alert, when Available Spare < Available Spare Threshold set SMART Critical Warning (bit 0), dynamically recommend OP ratio adjustment based on wear state (higher wear suggests increasing OP)",Wear monitoring test,Wear monitoring test,Alerts triggered correctly,P0,V2.0,5.7.4,,
REQ-105,Algorithm Task Layer,Read/Write/Erase Command Management,FR-APP-005,"Command state machine: NVMe Command arrives->[RECEIVED]->[PARSING]->[L2P_LOOKUP]->[NAND_QUEUED]->[NAND_EXECUTING]->[ECC_CHECK]->[ERROR?]->No->[COMPLETE], Yes->[RETRY/FAIL]",State machine test,State machine test,State transitions correct,P0,V1.5,5.7.5,,
REQ-106,Algorithm Task Layer,Read/Write/Erase Command Management,FR-APP-005,"Read Retry mechanism: when NAND Read produces correctable ECC error first attempt soft decode (Soft-Decision LDPC), if soft decode fails trigger Read Retry adjusting NAND read voltage (Vread) offset and re-read, Read Retry up to 15 attempts (default, per NAND die spec), each attempt adjusts different Voltage Offset; after 15 retries still failing mark as uncorrectable error (UCE), return NVMe error completion (Media and Data Integrity Error), UCE recorded in NVMe Error Log Page, increment SMART Media and Data Integrity Errors count",Read Retry test,Read Retry test,Retry mechanism executes correctly,P0,V2.0,5.7.5,,
REQ-107,Algorithm Task Layer,Read/Write/Erase Command Management,FR-APP-005,"Write Retry/Write Verify: on Program failure (status register WR_FAIL bit set) attempt writing data to spare area in same Block or new Block, failure count exceeding threshold (default 3) marks Block as bad and removes from FTL, replaced with new block from free pool; Write Verify optionally reads back data after program for verification (Write-and-Verify mode impacts write performance), disabled by default configurable for high-reliability scenarios",Write Retry test,Write Retry test,Retry mechanism executes correctly,P0,V2.0,5.7.5,,
REQ-108,Algorithm Task Layer,IO Flow Control,FR-APP-006,"Multi-level flow control: Host IO rate limiting via Token Bucket, per-Namespace and global two-level rate limiting, IOPS limit 1K-2000K (100 IOPS granularity), bandwidth limit 50MB/s-14GB/s (10MB/s granularity), rate-exceeded commands enter wait queue (max wait queue depth = SQ depth); GC/WL bandwidth quota controls GC NAND bandwidth (default max 30%, min 5%), GC can increase to higher quota (max 80%) when host IO load is low, adaptive adjustment samples host IO and GC bandwidth per second, dynamically adjusts GC quota based on current free block watermark; NAND channel-level flow control per-Channel command queue depth limit (default 128), queue full causes upper command dispatcher to wait (back-pressure propagation), channel starvation detection checks if waiting commands are forgotten; Write buffer flow control based on Write Buffer occupancy ratio triggers 3-level flow control (<60% normal unrestricted, 60%-80% light throttle host write rate reduced 20%, 80%-90% heavy throttle host write rate reduced 50%, >90% suspend new write commands, resume when buffer drains below 70%)",Multi-level flow control test,Multi-level flow control test,Flow control effective,P0,V2.0,5.7.6,,
REQ-109,Algorithm Task Layer,Data Redundancy Backup,FR-APP-007,"RAID-Like data protection: LDPC ECC (first line of defense) each NAND page with ECC parity in OOB area, LDPC encoding with BCH as backup, LDPC as primary (corrects 16-24bit/KB), soft decode retains multi-read probability info for Soft-Decision improving correction capability, ECC computed by dedicated firmware thread (simulates hardware ECC engine behavior); Cross-Die parity (Die-Level Parity) (optional V2.0) computes XOR parity across multi-Die writes, parity page written to independent Parity Die, when any Die has whole-block uncorrectable error data recoverable via parity, implements simple RAID-5 logic (for multi-Die scenarios); Critical metadata redundancy: L2P mapping table dual-stored (DRAM + persistence file), BBT stored as primary and backup copies in NOR Flash, P/E count table also dual-protected, periodic consistency check between two metadata copies with alert on mismatch; Write Buffer power-loss protection simulates SSD controller supercapacitor protection mechanism via WAL: each Write Buffer write operation first writes to WAL file (synchronous), then updates DRAM data, on power loss recovery scans WAL and replays ensuring data consistency, WAL file stored on host high-speed NVMe (e.g. another real NVMe SSD) ensuring WAL write speed is not a bottleneck",Data redundancy test,Data redundancy test,Data protection effective,P0,V2.0,5.7.7,,
REQ-110,Algorithm Task Layer,Command Error Handling,FR-APP-008,"NVMe error status codes/Error handling flow: supports Generic Status Code Type(0x00) Success(0x00), Invalid Command Opcode(0x01), Invalid Field in Command(0x02), Invalid Namespace or Format(0x06), Invalid I/O Queue Identifier(0x0A), Maximum Queue Size Exceeded(0x0B), LBA Out of Range(0x80), Capacity Exceeded(0x81), Namespace Not Ready(0x82); Command Specific Status Code Type(0x01) Completion Queue Invalid(0x00), Invalid Queue Identifier(0x01); Media & Data Integrity Status Code Type(0x02) Write Fault(0x80), Unrecovered Read Error(0x81), End-to-End Guard Check Error(0x82), Compare Failure(0x85)",Error status code test,Error status code test,Error codes returned correctly,P0,V1.5,5.7.8,,
REQ-111,Algorithm Task Layer,Command Error Handling,FR-APP-008,"Recoverable error retry (internal retry transparent to host), exceeding retry count degrades to unrecoverable error, recorded in Error Log Page (internal only); Unrecoverable data error returns corresponding NVMe error status code to host (DNR=0 allows host retry), marks LBA range as ""error reported"", writes to NVMe Error Log Page (Sequence Number, Error Count, CID, SQ ID, Error Location, LBA, NS, Type), SMART increments Media and Data Integrity Errors count; NAND device error: bad block handling marks bad block, replaces with spare block, migrates valid data; NAND entire Chip failure (extreme scenario) attempts recovery via cross-Die parity if available, otherwise reports read error for corresponding LBA range to host, triggers AER notifying host Critical Warning (bit 2: Media Related); Command timeout handling returns Abort command completion to host (if timed-out command internally aborted), if command timeout unrecoverable triggers Controller Reset; Firmware internal error: ASSERT failure/NULL pointer access etc. triggers Panic procedure, non-critical errors (e.g. memory pool exhaustion) recorded in Error Log and continues in degraded mode (DEGRADED)",Error handling test,Error handling test,Error flow executes normally,P0,V2.0,5.7.8,,
REQ-112,Performance Requirements,IOPS Performance,,"Random read IOPS (4KB, QD=32): single namespace no ECC target 1000000 IOPS, single namespace with ECC target 600000 IOPS, multi-namespace (4) total 800000 IOPS, steady-state (90% drive occupancy) target 400000 IOPS",fio random read test,fio random read test,IOPS meets target,P0,V1.0,6.1.1,,
REQ-113,Performance Requirements,IOPS Performance,,"Random write IOPS (4KB, QD=32): initial state (Fresh Out Of Box) target 300000 IOPS, steady-state (90% occupancy, WAF~2) target 150000 IOPS, steady-state (50% occupancy, WAF~1.5) target 200000 IOPS",fio random write test,fio random write test,IOPS meets target,P0,V1.0,6.1.2,,
REQ-114,Performance Requirements,IOPS Performance,,"Mixed read/write IOPS (4KB, 70R/30W, QD=32): steady-state target 250000 IOPS",fio mixed read/write test,fio mixed read/write test,IOPS meets target,P0,V1.5,6.1.3,,
REQ-115,Performance Requirements,Bandwidth Performance,,"Sequential read 128KB target 6.5GB/s, sequential write 128KB target 3.5GB/s, sequential read 1MB target 7.0GB/s, sequential write 1MB target 4.0GB/s, random read 4KB (QD=128) target 4.0GB/s",fio sequential read/write test,fio sequential read/write test,Bandwidth meets target,P0,V1.5,6.2,,
REQ-116,Performance Requirements,Latency Performance,,"Random read (QD=1) P50 80us, P99 150us, P99.9 300us (includes NAND read latency model TLC LSB:35us + transfer); Random write (QD=1) P50 20us, P99 50us, P99.9 100us (Write Buffer hit, excludes NAND program latency); Forced read (FUA write + read) 1ms/3ms/8ms (includes NAND Program latency TLC:800us); GC pause read 200us/500us/2ms (read command latency during GC execution); Flush command 500ms/2s/5s (depends on Write Buffer backlog)",fio latency test,fio latency test,Latency meets target,P0,V1.5,6.3,,
REQ-117,Performance Requirements,Simulation Accuracy,,"NAND Page Read latency error <5%, NAND Page Program latency error <5%, NAND Block Erase latency error <5%, overall IOPS simulation accuracy <10%, WAF simulation accuracy <15%, GC trigger timing accuracy <1% watermark deviation",Simulation accuracy comparison test,Simulation accuracy comparison test,Accuracy meets target,P0,V2.0,6.4,,
REQ-118,Performance Requirements,Scalability,,"Max supported Channels 32, max supported Namespaces 4096, max NAND capacity 256TB (simulated, limited by DRAM size), max concurrent NVMe queues 4096 SQ/CQ pairs, max concurrent commands 65535 (NVMe spec limit), CPU core scalability from 64 to 256 cores linear scaling, IOPS increases with core count",Scalability test,Scalability test,Scalability meets target,P0,V2.0,6.5,,
REQ-119,Performance Requirements,Resource Utilization Target,,"NAND media thread CPU 70-90% (full load) (16 Channels * 2-3 threads overall utilization), FTL thread CPU 60-80% (full load) (4-8 FTL cores), PCIe/NVMe module CPU 40-60% (full load) (IO Dispatcher + Worker), DRAM utilization >85% (simulation storage + mapping table + cache), host OS CPU usage <10% (does not impact other host services)",Resource utilization monitoring,Resource utilization monitoring,Utilization meets target,P0,V2.0,6.6,,
REQ-120,Product Interface,Host Interface,,"Block device node /dev/nvme<n>n<m>, device type NVMe Namespace (Block Device), block size 4096 bytes (Logical Block Size=4KB), namespace capacity configurable default 2TB, interface protocol NVMe 2.0, transport protocol PCIe (virtual)",Block device test,Block device test,Device mounts normally,P0,V1.0,7.1.1,,
REQ-121,Product Interface,nvme-cli Compatibility,,"nvme list: list simulated NVMe devices, nvme id-ctrl: query controller identity, nvme id-ns: query namespace attributes, nvme smart-log: read SMART info, nvme error-log: read error log, nvme get-feature: query features, nvme set-feature: set features, nvme format: format, nvme fw-download: firmware download, nvme fw-commit: firmware commit, nvme create-ns: create namespace, nvme delete-ns: delete namespace, nvme attach-ns: attach namespace",nvme-cli test,nvme-cli test,All commands execute normally,P0,V1.0,7.1.2,,
REQ-122,Product Interface,fio Test Tool Compatibility,,"Support ioengine=io_uring, support direct=1 (O_DIRECT), support numjobs=32 multi-threaded, support iodepth=128 deep queue, fio test runs normally",fio test,fio test,fio test passes,P0,V1.0,7.1.3,,
REQ-123,Product Interface,OOB Socket Interface,,"Unix Domain Socket path /var/run/hfsss/hfsss.sock, protocol JSON-RPC 2.0, GET /status returns simulator overall status, GET /nand/channel/{ch_id} queries Channel status, POST /fault/inject fault injection, POST /config/gc modifies GC configuration",OOB interface test,OOB interface test,All interfaces respond normally,P0,V2.0,7.2.1,,
REQ-124,Product Interface,/proc Filesystem Interface,,"/proc/hfsss/status simulator status (read-only), /proc/hfsss/config current configuration (read-only), /proc/hfsss/perf_counters performance counters (read-only), /proc/hfsss/channel_stats per-Channel statistics (read-only), /proc/hfsss/ftl_stats FTL statistics (mapping table hit rate, GC count, etc.), /proc/hfsss/latency_hist latency histogram (read-only), /proc/hfsss/version simulator version info",/proc interface test,/proc interface test,All interfaces read normally,P0,V2.0,7.2.2,,
REQ-125,Product Interface,Command Line Interface,,"hfsss-ctrl status: view status, hfsss-ctrl perf: view performance statistics (real-time refresh), hfsss-ctrl channel 3: view Channel 3 details, hfsss-ctrl fault inject --type=bad_block --ch=3 --chip=1 --die=0 --block=2048: fault injection, hfsss-ctrl config set gc.algorithm=greedy: configuration change, hfsss-ctrl gc trigger: manual GC trigger, hfsss-ctrl snapshot save: force persistence, hfsss-ctrl log dump --level=warn --last=1000: export last 1000 WARN+ logs, hfsss-ctrl trace start: start command Trace, hfsss-ctrl trace stop: stop command Trace, hfsss-ctrl trace dump --output=/tmp/trace.json: export Trace data",CLI tool test,CLI tool test,All commands work normally,P0,V2.0,7.2.3,,
REQ-126,Product Interface,Configuration File Interface,,"YAML format configuration file /etc/hfsss/hfsss.yaml, configuration items: version, system, memory, cpu, nvme, nand, nor, ftl, persistence, oob, debug",Configuration file test,Configuration file test,Configuration loaded correctly,P0,V1.0,7.3,,
REQ-127,Product Interface,Persistence Data Format Interface,,"NAND data file format: each Plane data file stored independently, file header contains Magic Number/Format Version/File Creation Time/Last Modified Time/Channel ID/Chip ID/Die ID/Plane ID/Blocks Per Plane/Pages Per Block/Page Size/Total File Size/CRC32, data area linearly arranged by Block*Page; L2P mapping table file format: Header contains Magic/Version/Total LPN Count/Checkpoint Sequence Number/Timestamp/CRC64, continuous uint64_t array index=LPN value=PPN; WAL format: each WAL record 64 bytes containing Sequence Number/Record Type/Payload Length/Payload/CRC32, supports L2P Update/Block State Change/Erase Count Update record types",Persistence format test,Persistence format test,Format parsed correctly,P0,V1.5,7.4,,
REQ-128,Fault Injection Framework,NAND Media Faults,,"Bad Block injection parameters: ch/chip/die/plane/block; Read Error injection parameters: ch/chip/die/plane/block/page; Program Error injection parameters: ch/chip/die/plane/block/page; Erase Error injection parameters: ch/chip/die/plane/block; Bit Flip injection parameters: ch/chip/die/plane/block/page/bit_pos; Read Disturb Storm injection parameters: ch/chip/die/block; Data Retention injection parameters: ch/chip/die/plane/block/aging_factor",NAND fault injection test,NAND fault injection test,Faults triggered correctly,P0,V2.5,8.1.1,,
REQ-129,Fault Injection Framework,Power Faults,,"Sudden Power Off: immediately terminate daemon (simulate power loss) without performing persistence; Power Off During Write: simulate power loss during Write Buffer flush to NAND; Power Off During GC: simulate power loss during GC execution",Power fault injection test,Power fault injection test,Faults triggered correctly,P0,V2.5,8.1.2,,
REQ-130,Fault Injection Framework,Controller Faults,,"Memory Corruption: inject random errors in L2P mapping table; Firmware Panic: trigger firmware Panic to test Panic handling flow; Channel Timeout: make all operations on specified Channel timeout; NVMe Queue Corruption: inject CQE errors (Phase Tag flip, etc.)",Controller fault injection test,Controller fault injection test,Faults triggered correctly,P0,V2.5,8.1.3,,
REQ-131,Fault Injection Framework,Fault Injection Interface,,"Execute fault injection via OOB interface (POST /fault/inject) or hfsss-ctrl fault inject CLI tool; supports immediate injection (immediate=true) triggers on next operation; delayed injection (delay_ms=N) triggers after N milliseconds; probabilistic injection (probability=0.01) triggers with specified probability per operation; persistent injection (persistent=true) stays active until explicitly cleared; one-shot injection (persistent=false, default) auto-clears after single trigger",Fault injection interface test,Fault injection interface test,Interface works normally,P0,V2.5,8.2,,
REQ-132,System Reliability and Stability,MTBF Target,,"Under normal IO workload (fio mixed read/write, 64 threads, QD=128) MTBF >= 720 hours (30 days continuous operation); under fault injection testing able to correctly handle all defined fault types without Panic or data corruption",MTBF test,MTBF test,MTBF meets target,P0,V2.0,9.1,,
REQ-133,System Reliability and Stability,Data Integrity Guarantee,,"Under normal operation (no fault injection) read-back data 100% consistent with written data (md5sum verification); after normal shutdown (NVMe Shutdown command) and restart all completed write commands (FUA=1 or after Flush) data must be fully recovered; after simulated power loss (SIGKILL) and restart may lose Write Buffer data not yet persisted, but persisted data 100% intact",Data integrity test,Data integrity test,Data 100% consistent,P0,V1.0,9.2,,
REQ-134,System Reliability and Stability,Stability Requirements,,"Long-running stability: no crash during 72-hour sustained IO stress test; memory leak: memory growth <1MB/hour; correctly handles extreme scenarios: NAND capacity full (no free blocks), all spare blocks exhausted, etc. should return correct error codes rather than crash; concurrency safety: no data races during multi-threaded concurrent access to shared data structures (verified via Thread Sanitizer)",Stability test,Stability test,All tests pass,P0,V2.0,9.3,,
REQ-139,UPLP (Unclean Power Loss Protection),Supercapacitor Energy Model,FR-UPLP-001,"Simulate supercapacitor with configurable capacitance (1-10F), ESR, and voltage range; calculate drain time and energy budget for power-loss protection",Drain time accuracy <5%,Measure drain time vs. calculated value under varying load profiles,Drain time within 5% of analytical model,P0,V3.0,,,
REQ-140,UPLP (Unclean Power Loss Protection),UPLP State Machine,FR-UPLP-002,"Implement Normal->PowerFail->CapDrain->SafeState transitions with <1us power-fail detection latency",State transition latency <10us,Inject power-fail event and measure state machine transition times,All transitions complete within 10us,P0,V3.0,,,
REQ-141,UPLP (Unclean Power Loss Protection),Atomic Write Unit,FR-UPLP-003,"Guarantee 4KB aligned writes are power-safe; detect torn writes via sequence number + CRC validation",Zero torn writes for atomic-sized IOs,Inject power-fail at random points during 4KB writes and verify integrity on recovery,No torn writes detected across 10000 injection cycles,P0,V3.0,,,
REQ-142,UPLP (Unclean Power Loss Protection),Power-Fail-Safe Metadata Journal,FR-UPLP-004,Flush L2P journal entries to NAND within supercapacitor drain window to ensure metadata consistency after UPLP,Metadata consistent after UPLP,Inject power-fail and verify L2P mapping consistency after recovery,L2P table matches pre-power-fail committed state,P0,V3.0,,,
REQ-143,UPLP (Unclean Power Loss Protection),Write Buffer Emergency Flush,FR-UPLP-005,"Prioritized flush during capacitor drain: L2P -> BBT -> SMART -> WAL -> SysInfo, ordered by criticality",All critical metadata flushed within energy budget,Verify flush order and completeness under minimum drain time configuration,All critical metadata persisted in correct priority order,P0,V3.0,,,
REQ-144,UPLP (Unclean Power Loss Protection),UPLP Recovery Sequence,FR-UPLP-006,"Detect unclean shutdown, replay WAL, rebuild FTL state; target recovery time <5s for 1TB capacity",Recovery time <5s for 1TB,Simulate unclean shutdown on 1TB namespace and measure recovery time,Recovery completes in <5s with consistent state,P0,V3.0,,,
REQ-145,UPLP (Unclean Power Loss Protection),UPLP Test Mode,FR-UPLP-007,Injectable power-fail with configurable drain time and injection point for testing UPLP at any FTL phase,Fault injection at any FTL phase,Inject power-fail at each FTL processing phase and verify recovery,System recovers correctly from injection at every phase,P1,V3.0,,,
REQ-146,UPLP (Unclean Power Loss Protection),Unsafe Shutdown Counter,FR-UPLP-008,SMART field (Unsafe Shutdowns) accurately tracks UPLP events across power cycles,Counter matches actual UPLP count,Perform N UPLP events and verify SMART counter equals N,Counter value equals actual UPLP event count,P1,V3.0,,,
REQ-147,QoS (Quality of Service),DWRR Multi-Queue Scheduler,FR-QOS-001,"Deficit Weighted Round-Robin scheduler with deficit counters and configurable per-namespace weights for bandwidth-proportional scheduling",Bandwidth proportional to weight +/-5%,Run concurrent IO on multiple namespaces with different weights and measure bandwidth distribution,Measured bandwidth ratio within +/-5% of configured weight ratio,P0,V3.0,,,
REQ-148,QoS (Quality of Service),Per-Namespace IOPS Limits,FR-QOS-002,Token bucket IOPS enforcement with 1K-2M IOPS configurable granularity per namespace,Actual IOPS within +/-3% of limit,Set IOPS limit per namespace and measure actual IOPS under saturation,Measured IOPS within +/-3% of configured limit,P0,V3.0,,,
REQ-149,QoS (Quality of Service),Per-Namespace Bandwidth Limits,FR-QOS-003,Token bucket bandwidth enforcement with 50MB/s-14GB/s configurable range per namespace,Actual bandwidth within +/-5% of limit,Set bandwidth limit per namespace and measure actual throughput under saturation,Measured bandwidth within +/-5% of configured limit,P0,V3.0,,,
REQ-150,QoS (Quality of Service),Latency SLA Enforcement,FR-QOS-004,Per-namespace P99 latency target monitoring with violation alerts via async event notification,SLA violation detected within 10s,Configure P99 latency SLA and inject latency-inducing load to trigger violation,Alert generated within 10s of sustained SLA violation,P0,V3.0,,,
REQ-151,QoS (Quality of Service),QoS Policy Hot-Reconfiguration,FR-QOS-005,Change QoS parameters (weights/IOPS limits/BW limits) via OOB interface without service restart,Policy effective within 100ms,Change QoS policy via OOB and measure time to new policy taking effect,New policy enforced within 100ms of configuration change,P1,V3.0,,,
REQ-152,QoS (Quality of Service),GC/WL Background Priority,FR-QOS-006,Background tasks (GC/WL) yield to host IO when host P99 latency exceeds 2x baseline to prevent GC-induced latency spikes,Host P99 latency <2x baseline during GC,Run host IO workload during active GC and measure P99 latency,P99 latency remains below 2x baseline throughout GC,P0,V3.0,,,
REQ-153,QoS (Quality of Service),Deterministic Latency Window,FR-QOS-007,"Configurable duty cycle for HOST_IO, GC_ALLOWED, and GC_ONLY time windows to provide deterministic latency behavior",Window timing accuracy +/-1ms,Configure deterministic windows and measure actual window boundaries,Window boundaries accurate to +/-1ms,P1,V3.0,,,
REQ-154,T10 DIF/PI (Data Integrity Field / Protection Information),T10 PI Type 1/2/3 Support,FR-PI-001,Configurable Protection Information type (Type 1/Type 2/Type 3) per namespace with correct guard/reference/application tag generation,Correct PI generation per PI type,Create namespaces with each PI type and verify tag generation on writes,Tags generated correctly per NVMe/T10 PI specification for each type,P0,V3.0,,,
REQ-155,T10 DIF/PI (Data Integrity Field / Protection Information),Guard Tag CRC-16,FR-PI-002,Compute and verify CRC-16 guard tag on write path (generate) and read path (verify) for end-to-end data integrity,100% detection of single-bit guard errors,Inject single-bit errors in data and verify guard tag check detects all,All single-bit data corruption detected by CRC-16 guard tag,P0,V3.0,,,
REQ-156,T10 DIF/PI (Data Integrity Field / Protection Information),Reference and Application Tag,FR-PI-003,Process reference tag (LBA-based for Type 1/2) and application tag per NVMe specification for each PI type,Correct tag matching per PI type,Write data with PI and verify reference/application tags on readback,Tags match expected values per PI type specification,P1,V3.0,,,
REQ-157,T10 DIF/PI (Data Integrity Field / Protection Information),PI Metadata Propagation,FR-PI-004,"Preserve Protection Information metadata through entire FTL pipeline including GC valid page migration, ensuring PI is not lost or corrupted during internal data movement",PI integrity maintained after GC,Write data with PI then trigger GC on those blocks and verify PI on readback,PI metadata intact after GC migration,P0,V3.0,,,
REQ-158,T10 DIF/PI (Data Integrity Field / Protection Information),E2E Data Integrity Error Reporting,FR-PI-005,"Return correct NVMe status codes for guard tag failure (End-to-End Guard Check Error), reference tag failure (End-to-End Reference Tag Check Error), and application tag failure (End-to-End Application Tag Check Error)",Correct NVMe error status returned for each tag failure type,Inject guard/reference/application tag mismatches and verify error status codes,Correct NVMe status code returned for each PI error type,P1,V3.0,,,
REQ-159,Security,AES-XTS 256-bit Simulation,FR-SEC-001,"Simulate AES-XTS 256-bit encryption/decryption on data path using XOR-based placeholder matching AES-XTS interface for functional verification of encryption pipeline",Encrypt-decrypt round-trip data integrity,Write data through encryption path and read back through decryption path,Data identical after encrypt-decrypt round trip,P1,V3.0,,,
REQ-160,Security,Key Hierarchy,FR-SEC-002,"Implement 3-level key hierarchy: Master Key (MK) -> Key Encryption Key (KEK) -> Data Encryption Key (DEK), with per-namespace DEK isolation",Correct key derivation and wrapping at each level,Verify key derivation chain and per-namespace DEK isolation,Each namespace uses unique DEK derived through correct hierarchy,P1,V3.0,,,
REQ-161,Security,TCG Opal SSC Basic Commands,FR-SEC-003,"Implement TCG Opal SSC basic command set: StartSession, Authenticate, Set/Get locking state for per-locking-range access control",Lock/unlock operations per locking range,Execute lock/unlock sequences on different locking ranges and verify access control,Data inaccessible when locked and accessible when unlocked per range,P1,V3.0,,,
REQ-162,Security,Crypto Erase,FR-SEC-004,"Destroy namespace DEK rendering all data on that namespace cryptographically unreadable without physical erase",Post-erase reads return error or garbage data,Perform crypto erase on namespace and attempt to read previously written data,Reads return error or non-original data after crypto erase,P1,V3.0,,,
REQ-163,Security,Secure Erase,FR-SEC-005,Block erase all user data blocks for target namespace ensuring no recoverable user data remains,All namespace blocks erased,Perform secure erase and verify all blocks in namespace are erased (0xFF),No user data recoverable after secure erase,P1,V3.0,,,
REQ-164,Security,Secure Boot Chain,FR-SEC-006,"Simulate ROM->Bootloader->Firmware verification chain using CRC-based signatures; abort boot on tampered image detection",Boot aborts on tampered image,Tamper firmware image and verify boot process aborts with error,Boot halts and reports integrity error on tampered image,P2,V3.0,,,
REQ-165,Security,Key Storage in NOR,FR-SEC-007,"Store encryption keys in dual-copy key partition in NOR Flash with power-safe atomic updates to survive UPLP events",Keys survive UPLP,Perform UPLP during key update and verify key integrity after recovery,Both key copies consistent and valid after UPLP,P1,V3.0,,,
REQ-166,Multi-Namespace Management,Namespace Create,FR-MNS-001,"Allocate capacity from global free pool, initialize per-namespace FTL tables (L2P, block lists), and make namespace usable after creation",Namespace usable after create,Create namespace via nvme create-ns and perform IO,IO succeeds on newly created namespace,P1,V3.0,,,
REQ-167,Multi-Namespace Management,Namespace Delete,FR-MNS-002,"Reclaim all blocks belonging to namespace, free per-namespace L2P tables and metadata, return capacity to global free pool",Capacity fully reclaimed after delete,Delete namespace and verify free pool capacity increases by deleted namespace size,Free pool capacity equals pre-create value after delete,P1,V3.0,,,
REQ-168,Multi-Namespace Management,Namespace Attach/Detach,FR-MNS-003,"Attach namespace to controller making it accessible, detach without data loss preserving all namespace data and metadata",Data preserved across detach/attach cycle,Write data then detach/attach namespace and verify data integrity,All data readable and correct after detach/attach cycle,P1,V3.0,,,
REQ-169,Multi-Namespace Management,Per-Namespace FTL Tables,FR-MNS-004,"Maintain separate L2P mapping table per namespace with configurable shared or dedicated block pools ensuring namespace isolation",NS isolation: write to NS-A does not affect NS-B mapping,Write to one namespace and verify other namespace L2P mappings unchanged,Cross-namespace mapping isolation verified,P1,V3.0,,,
REQ-170,Multi-Namespace Management,Namespace Format,FR-MNS-005,Per-namespace LBA format change (e.g. 512B to 4KB block size) without affecting other namespaces,Format completes without affecting other namespaces,Format one namespace while running IO on another and verify both,Formatted namespace uses new LBA size; other namespace unaffected,P2,V3.0,,,
REQ-171,Thermal Management and Telemetry,Composite Temperature,FR-THERM-001,"Calculate weighted average composite temperature from per-die thermal sensor readings using configurable weight factors",Composite temperature accuracy +/-2C vs thermal model,Compare composite temperature calculation against reference thermal model,Composite temperature within +/-2C of reference model,P1,V3.0,,,
REQ-172,Thermal Management and Telemetry,Progressive Thermal Throttle,FR-THERM-002,"Implement 3-level progressive thermal throttling: Warning (75C, 80% performance), Throttle (80C, 50% performance), Critical (85C, 20% performance)",IOPS reduction within +/-5% of target at each level,Drive temperature through each threshold and measure IOPS reduction,IOPS reduced to target percentage +/-5% at each thermal level,P1,V3.0,,,
REQ-173,Thermal Management and Telemetry,Thermal Shutdown,FR-THERM-003,Controller-initiated graceful shutdown at 90C threshold to prevent thermal damage with safe data persistence,Shutdown initiated within 100ms of 90C threshold,Drive temperature to 90C and measure time to shutdown initiation,Shutdown begins within 100ms of reaching 90C,P1,V3.0,,,
REQ-174,Thermal Management and Telemetry,Host-Initiated Telemetry,FR-THERM-004,Support NVMe Telemetry Host-Initiated Log Page (07h) with internal state dump including FTL statistics and NAND health data,Log page populated on host request,Issue Get Log Page 07h and verify contents,Log page contains valid internal state data,P2,V3.0,,,
REQ-175,Thermal Management and Telemetry,Controller-Initiated Telemetry,FR-THERM-005,"Support NVMe Telemetry Controller-Initiated Log Page (08h) with autonomous event capture, generating AER notification to host",AER notification sent on controller-initiated telemetry event,Trigger internal event that generates controller-initiated telemetry and verify AER,AER received by host with correct telemetry log page reference,P2,V3.0,,,
REQ-176,Thermal Management and Telemetry,Vendor-Specific Log Page,FR-THERM-006,Configurable vendor-specific log page with internal counters (GC count/WAF/channel utilization/error rates) accessible via NVMe Get Log Page,Log page accessible via NVMe Get Log Page command,Issue Get Log Page for vendor-specific log ID and verify counter values,Log page returns valid and accurate internal counter data,P2,V3.0,,,
REQ-177,Thermal Management and Telemetry,SMART Remaining Life Prediction,FR-THERM-007,Predict remaining endurance (percentage life remaining) based on current PE cycle consumption and WAF trend extrapolation,Prediction within +/-10% of actual remaining life,Compare predicted remaining life against actual PE cycle headroom,Prediction accuracy within +/-10%,P2,V3.0,,,
REQ-178,Thermal Management and Telemetry,Async Event Notification,FR-THERM-008,"Generate Asynchronous Event Request (AER) notifications for temperature threshold crossing, spare capacity below threshold, and reliability degradation events",AER delivered within 1ms of triggering event,Trigger each AER event type and measure notification latency,AER delivered to host within 1ms for all event types,P1,V3.0,,,
